L_value,mu_value,k_long,r_mu_value,gamma_value,phi_value,sat_time
0.04,0.0002,1e-09,1e-05,0.025,0.5,0.1
0.01,0.0288,1e-13,2e-05,0.045,0.5,177.05
0.07,0.0002,1e-09,2.5e-05,0.03,0.7,0.1
0.01,0.0024,1e-11,1.5e-05,0.03,0.7,0.72
0.01,0.1,1e-10,3e-05,0.035,0.6,4.16
0.07,0.00832,1e-08,3e-05,0.03,0.6,0.22
0.04,0.00832,1e-13,3.5e-05,0.02,0.5,3262.87
0.07,0.0024,1e-11,3.5e-05,0.045,0.7,52.87
0.04,0.1,1e-08,3e-05,0.035,0.3,0.48
0.07,0.1,1e-12,3e-05,0.035,0.8,8891.09
0.01,0.0002,1e-08,2e-05,0.04,0.3,0.05
0.01,0.0002,1e-12,3e-05,0.045,0.8,1.03
0.07,0.1,1e-11,3.5e-05,0.03,0.3,1042.87
0.07,0.00832,1e-08,2e-05,0.025,0.7,0.22
0.07,0.000693,1e-09,2.5e-05,0.04,0.3,0.1
0.1,0.0002,1e-13,3.5e-05,0.025,0.6,112.87
0.1,0.1,1e-12,1.5e-05,0.035,0.6,5964.84
0.04,0.0024,1e-08,2e-05,0.035,0.5,0.1
0.01,0.000693,1e-10,3e-05,0.025,0.7,0.12
0.07,0.000693,1e-10,2.5e-05,0.02,0.5,1.98
0.07,0.0002,1e-11,2.5e-05,0.02,0.8,8.69
0.04,0.00832,1e-13,1.5e-05,0.035,0.7,1112.87
0.01,0.0288,1e-12,2.5e-05,0.03,0.5,84.11
0.07,0.0024,1e-12,3.5e-05,0.02,0.5,462.87
0.04,0.000693,1e-12,3e-05,0.03,0.5,42.87
0.04,0.00832,1e-10,3.5e-05,0.035,0.6,6.88
0.1,0.0024,1e-10,1.5e-05,0.02,0.5,8.59
0.07,0.0002,1e-09,1e-05,0.025,0.8,0.1
0.1,0.0288,1e-09,3.5e-05,0.025,0.7,25.97
0.01,0.0024,1e-09,1e-05,0.04,0.5,0.1
0.07,0.0024,1e-08,1e-05,0.03,0.7,0.1
0.01,0.0288,1e-09,2.5e-05,0.04,0.4,0.12
0.07,0.00832,1e-11,1.5e-05,0.02,0.6,123.91
0.01,0.0288,1e-10,2.5e-05,0.045,0.3,0.48
0.1,0.0002,1e-13,1e-05,0.03,0.7,34.29
0.01,0.00832,1e-12,1e-05,0.03,0.4,10.87
0.1,0.0002,1e-10,2e-05,0.03,0.7,0.82
0.1,0.000693,1e-12,3e-05,0.02,0.6,212.87
0.01,0.0024,1e-08,3.5e-05,0.045,0.4,0.1
0.07,0.000693,1e-08,2.5e-05,0.02,0.7,0.1
0.07,0.000693,1e-10,2.5e-05,0.03,0.7,1.51
0.1,0.00832,1e-13,3e-05,0.045,0.8,2205.09
0.07,0.0288,1e-08,1.5e-05,0.025,0.7,0.48
0.04,0.000693,1e-13,2e-05,0.045,0.8,112.87
0.01,0.1,1e-10,1e-05,0.03,0.3,1.03
0.04,0.0288,1e-13,2.5e-05,0.04,0.3,2078.35
0.04,0.0024,1e-10,1.5e-05,0.03,0.5,1.03
0.01,0.00832,1e-10,2.5e-05,0.02,0.6,0.72
0.01,0.1,1e-10,2e-05,0.02,0.7,6.78
0.1,0.0024,1e-11,3.5e-05,0.04,0.5,72.87
0.1,0.0002,1e-12,1.5e-05,0.04,0.8,26.47
0.01,0.0024,1e-11,3.5e-05,0.035,0.4,1.03
0.01,0.000693,1e-10,3.5e-05,0.02,0.6,0.12
0.07,0.0288,1e-11,2.5e-05,0.025,0.8,683.73
0.01,0.0288,1e-13,1.5e-05,0.02,0.5,298.29
0.1,0.1,1e-12,1.5e-05,0.03,0.4,5838.95
0.1,0.0024,1e-11,1.5e-05,0.02,0.4,52.87
0.1,0.0024,1e-08,2e-05,0.03,0.7,0.1
0.04,0.0002,1e-09,1e-05,0.035,0.3,0.1
0.01,0.1,1e-10,3.5e-05,0.025,0.3,4.16
0.01,0.00832,1e-13,2.5e-05,0.035,0.8,266.01
0.01,0.0002,1e-08,3.5e-05,0.045,0.3,0.05
0.07,0.0024,1e-08,2.5e-05,0.025,0.4,0.1
0.1,0.0288,1e-10,3.5e-05,0.025,0.6,158.7
0.07,0.000693,1e-10,3.5e-05,0.02,0.8,4.26
0.04,0.00832,1e-09,3e-05,0.045,0.7,0.58
0.07,0.000693,1e-11,1.5e-05,0.02,0.3,6.78
0.07,0.1,1e-08,2.5e-05,0.045,0.7,1.51
0.04,0.00832,1e-09,1.5e-05,0.035,0.5,0.28
0.07,0.0002,1e-11,3.5e-05,0.035,0.6,5.42
0.07,0.0024,1e-10,1e-05,0.04,0.3,0.72
0.01,0.00832,1e-12,3.5e-05,0.04,0.6,42.87
0.07,0.0288,1e-08,2.5e-05,0.045,0.8,0.58
0.07,0.1,1e-12,1e-05,0.03,0.5,3180.27
0.04,0.000693,1e-13,2e-05,0.025,0.5,122.87
0.07,0.0288,1e-12,3e-05,0.02,0.4,4392.87
0.07,0.00832,1e-10,1e-05,0.035,0.8,8.69
0.07,0.0002,1e-11,1e-05,0.025,0.5,1.88
0.1,0.0024,1e-10,1.5e-05,0.02,0.3,4.16
0.1,0.0288,1e-09,3.5e-05,0.04,0.8,16.77
0.07,0.1,1e-11,1e-05,0.035,0.8,684.17
0.1,0.0024,1e-12,1e-05,0.02,0.5,212.1
0.1,0.0002,1e-11,1.5e-05,0.04,0.3,1.88
0.01,0.0288,1e-12,2e-05,0.045,0.7,72.87
0.01,0.0024,1e-08,2.5e-05,0.045,0.6,0.1
0.1,0.000693,1e-11,3e-05,0.025,0.5,34.19
0.01,0.0288,1e-10,3.5e-05,0.03,0.5,1.41
0.07,0.000693,1e-13,1e-05,0.03,0.3,52.87
0.07,0.0024,1e-08,3.5e-05,0.045,0.8,0.1
0.01,0.00832,1e-11,1e-05,0.02,0.6,2.48
0.07,0.0288,1e-13,1.5e-05,0.03,0.4,3582.87
0.07,0.0002,1e-13,2.5e-05,0.03,0.3,34.19
0.01,0.000693,1e-13,3.5e-05,0.025,0.6,52.87
0.01,0.000693,1e-08,2e-05,0.02,0.7,0.1
0.07,0.0024,1e-12,3e-05,0.045,0.4,152.87
0.1,0.0002,1e-08,3e-05,0.02,0.5,0.05
0.07,0.0024,1e-13,1e-05,0.045,0.4,122.87
0.1,0.0024,1e-08,2e-05,0.045,0.4,0.1
0.04,0.0024,1e-09,2.5e-05,0.035,0.6,0.28
0.01,0.000693,1e-11,2.5e-05,0.03,0.5,0.28
0.07,0.0002,1e-10,1.5e-05,0.025,0.5,0.28
0.1,0.0002,1e-13,1e-05,0.04,0.4,17.36
0.07,0.000693,1e-08,1.5e-05,0.04,0.6,0.05
0.01,0.0288,1e-09,1e-05,0.03,0.6,0.12
0.04,0.0024,1e-13,2.5e-05,0.025,0.4,402.87
0.04,0.1,1e-08,3.5e-05,0.025,0.3,0.72
0.04,0.0288,1e-09,3.5e-05,0.045,0.4,1.41
0.07,0.0002,1e-10,1e-05,0.045,0.7,0.22
0.01,0.1,1e-09,3e-05,0.03,0.8,0.72
0.07,0.0002,1e-13,1e-05,0.02,0.4,27.26
0.04,0.0288,1e-08,2.5e-05,0.02,0.5,0.28
0.07,0.00832,1e-09,3e-05,0.045,0.7,1.51
0.1,0.00832,1e-12,2.5e-05,0.035,0.3,602.87
0.1,0.0024,1e-10,1e-05,0.03,0.8,5.42
0.1,0.0024,1e-13,3.5e-05,0.04,0.4,494.49
0.07,0.1,1e-10,1e-05,0.04,0.3,34.19
0.07,0.1,1e-08,2.5e-05,0.025,0.4,1.51
0.1,0.0024,1e-09,1e-05,0.045,0.4,0.22
0.04,0.0288,1e-08,1.5e-05,0.04,0.8,0.28
0.1,0.0024,1e-08,3e-05,0.02,0.8,0.22
0.1,0.1,1e-08,1e-05,0.045,0.5,1.03
0.07,0.00832,1e-11,2.5e-05,0.02,0.3,102.87
0.04,0.1,1e-12,2.5e-05,0.025,0.7,5299.8
0.04,0.00832,1e-08,1e-05,0.02,0.7,0.1
0.01,0.000693,1e-09,2.5e-05,0.02,0.8,0.1
0.1,0.0024,1e-10,2.5e-05,0.03,0.5,8.69
0.01,0.0024,1e-10,1.5e-05,0.02,0.7,0.12
0.07,0.1,1e-09,3e-05,0.045,0.8,21.8
0.04,0.0288,1e-09,1e-05,0.035,0.7,0.72
0.01,0.00832,1e-08,1.5e-05,0.04,0.8,0.1
0.01,0.0288,1e-08,2.5e-05,0.04,0.4,0.12
0.07,0.1,1e-11,2e-05,0.02,0.3,892.87
0.04,0.0002,1e-08,3e-05,0.03,0.7,0.05
0.01,0.000693,1e-09,2.5e-05,0.03,0.6,0.1
0.07,0.0002,1e-13,1e-05,0.045,0.8,27.36
0.01,0.1,1e-12,1e-05,0.035,0.8,172.87
0.07,0.00832,1e-10,1.5e-05,0.025,0.8,17.26
0.07,0.0288,1e-08,3.5e-05,0.025,0.5,0.82
0.07,0.1,1e-12,3.5e-05,0.03,0.6,8577.28
0.04,0.1,1e-11,1e-05,0.02,0.7,352.87
0.01,0.0288,1e-10,1e-05,0.025,0.4,0.48
0.07,0.1,1e-10,1e-05,0.04,0.6,62.97
0.07,0.000693,1e-10,2e-05,0.02,0.4,1.13
0.1,0.000693,1e-13,1.5e-05,0.03,0.8,175.41
0.04,0.0024,1e-13,3e-05,0.045,0.8,532.87
0.01,0.00832,1e-11,1.5e-05,0.045,0.7,1.88
0.04,0.0024,1e-12,2e-05,0.035,0.8,112.87
0.07,0.0002,1e-10,1e-05,0.035,0.6,0.22
0.1,0.000693,1e-11,1.5e-05,0.045,0.4,6.78
0.07,0.1,1e-09,3.5e-05,0.045,0.7,21.8
0.01,0.0288,1e-08,3.5e-05,0.045,0.8,0.1
0.01,0.00832,1e-10,3.5e-05,0.035,0.8,0.72
0.01,0.0002,1e-11,2e-05,0.03,0.4,0.12
0.04,0.00832,1e-10,3e-05,0.035,0.6,5.42
0.1,0.0002,1e-13,1e-05,0.03,0.8,42.97
0.01,0.1,1e-09,2.5e-05,0.04,0.5,0.28
0.01,0.00832,1e-09,1e-05,0.045,0.6,0.12
0.01,0.0002,1e-13,3e-05,0.035,0.8,10.87
0.07,0.0288,1e-11,3e-05,0.04,0.4,262.87
0.07,0.0288,1e-13,1.5e-05,0.02,0.6,5657.61
0.07,0.00832,1e-13,3e-05,0.045,0.5,1477.95
0.04,0.00832,1e-12,2e-05,0.045,0.8,272.87
0.1,0.0024,1e-12,2.5e-05,0.025,0.8,632.29
0.1,0.000693,1e-09,3e-05,0.045,0.5,0.22
0.01,0.000693,1e-09,3e-05,0.025,0.6,0.1
0.1,0.0002,1e-11,3e-05,0.04,0.5,5.42
0.01,0.000693,1e-09,1e-05,0.035,0.7,0.1
0.07,0.0002,1e-13,1e-05,0.04,0.5,17.36
0.04,0.0002,1e-13,2.5e-05,0.035,0.8,62.87
0.07,0.0024,1e-10,3.5e-05,0.02,0.5,8.69
0.01,0.0024,1e-10,3e-05,0.035,0.4,0.12
0.07,0.0024,1e-08,2e-05,0.025,0.8,0.1
0.07,0.0002,1e-10,2e-05,0.04,0.8,0.38
0.04,0.1,1e-10,3.5e-05,0.025,0.8,122.87
0.04,0.0002,1e-09,3.5e-05,0.035,0.8,0.1
0.04,0.00832,1e-11,2.5e-05,0.045,0.4,27.26
0.07,0.0024,1e-10,3.5e-05,0.035,0.5,5.42
0.01,0.1,1e-08,1.5e-05,0.045,0.3,0.12
0.1,0.0024,1e-13,3.5e-05,0.045,0.4,440.65
0.01,0.00832,1e-10,3e-05,0.035,0.3,0.28
0.01,0.0002,1e-09,3.5e-05,0.045,0.5,0.1
0.01,0.00832,1e-10,3.5e-05,0.025,0.8,0.72
0.1,0.0002,1e-13,1e-05,0.02,0.5,42.97
0.07,0.00832,1e-12,2e-05,0.035,0.4,422.87
0.01,0.0288,1e-09,1.5e-05,0.035,0.7,0.12
0.07,0.0002,1e-10,3.5e-05,0.035,0.3,0.22
0.01,0.00832,1e-12,2.5e-05,0.035,0.4,21.7
0.01,0.00832,1e-12,3e-05,0.035,0.8,52.87
0.04,0.0024,1e-10,2e-05,0.04,0.6,1.13
0.07,0.0024,1e-13,2.5e-05,0.03,0.4,442.87
0.07,0.0288,1e-13,1.5e-05,0.02,0.4,5478.25
0.01,0.0288,1e-13,1e-05,0.04,0.8,218.37
0.01,0.0288,1e-08,3.5e-05,0.04,0.6,0.12
0.1,0.0024,1e-12,3.5e-05,0.045,0.7,442.87
0.04,0.0288,1e-11,2e-05,0.02,0.3,102.87
0.07,0.0024,1e-08,2.5e-05,0.03,0.5,0.1
0.07,0.1,1e-13,1e-05,0.02,0.7,5925.27
0.1,0.000693,1e-11,3e-05,0.035,0.8,34.19
0.04,0.0024,1e-10,1e-05,0.025,0.3,0.48
0.1,0.00832,1e-12,1e-05,0.035,0.3,242.97
0.04,0.00832,1e-11,3.5e-05,0.02,0.3,52.87
0.1,0.1,1e-10,1e-05,0.04,0.8,127.5
0.04,0.0002,1e-08,1e-05,0.045,0.8,0.05
0.1,0.0288,1e-10,1e-05,0.04,0.6,34.29
0.1,0.0024,1e-12,2e-05,0.02,0.7,562.87
0.01,0.000693,1e-10,1.5e-05,0.025,0.4,0.12
0.04,0.0024,1e-13,3.5e-05,0.045,0.5,392.87
0.01,0.000693,1e-10,3.5e-05,0.035,0.4,0.12
0.01,0.0288,1e-11,2e-05,0.02,0.6,17.26
0.1,0.0288,1e-12,2e-05,0.02,0.5,3235.92
0.04,0.1,1e-11,1e-05,0.04,0.7,182.87
0.07,0.000693,1e-11,3.5e-05,0.03,0.5,17.36
0.01,0.0288,1e-10,3e-05,0.03,0.5,1.41
0.1,0.0002,1e-13,1e-05,0.02,0.4,34.29
0.01,0.0024,1e-09,2.5e-05,0.045,0.7,0.1
0.04,0.0002,1e-10,2e-05,0.03,0.6,0.1
0.07,0.0288,1e-09,3.5e-05,0.03,0.6,8.69
0.01,0.0002,1e-10,1e-05,0.04,0.4,0.1
0.07,0.000693,1e-10,1.5e-05,0.02,0.6,1.41
0.07,0.000693,1e-08,1e-05,0.03,0.7,0.05
0.07,0.0024,1e-11,2.5e-05,0.04,0.7,42.87
0.04,0.000693,1e-12,3.5e-05,0.035,0.3,27.26
0.1,0.0024,1e-09,2.5e-05,0.035,0.5,0.82
0.1,0.0002,1e-11,2.5e-05,0.035,0.8,8.69
0.1,0.0002,1e-09,3e-05,0.025,0.5,0.1
0.07,0.000693,1e-12,3e-05,0.035,0.8,112.87
0.04,0.00832,1e-13,2e-05,0.045,0.7,1162.87
0.1,0.00832,1e-08,3e-05,0.025,0.5,0.38
0.07,0.000693,1e-13,1e-05,0.025,0.3,62.87
0.07,0.00832,1e-08,2.5e-05,0.045,0.4,0.1
0.07,0.0024,1e-12,1e-05,0.02,0.5,142.87
0.07,0.0024,1e-10,3.5e-05,0.045,0.3,2.48
0.07,0.1,1e-08,2.5e-05,0.03,0.3,1.13
0.04,0.0002,1e-13,3e-05,0.035,0.5,52.87
0.04,0.00832,1e-12,1.5e-05,0.025,0.5,232.87
0.01,0.1,1e-09,1.5e-05,0.035,0.5,0.28
0.1,0.0002,1e-08,1.5e-05,0.02,0.8,0.05
0.01,0.1,1e-12,2e-05,0.02,0.3,143.52
0.04,0.00832,1e-13,2e-05,0.035,0.6,1322.87
0.07,0.0002,1e-10,2e-05,0.03,0.3,0.22
0.01,0.0002,1e-12,1.5e-05,0.04,0.7,0.48
0.1,0.1,1e-10,3.5e-05,0.04,0.5,294.76
0.1,0.0002,1e-13,1e-05,0.025,0.6,34.29
0.01,0.00832,1e-10,1.5e-05,0.025,0.3,0.28
0.1,0.0024,1e-13,1e-05,0.035,0.3,132.87
0.04,0.00832,1e-13,1.5e-05,0.02,0.8,2352.87
0.07,0.0024,1e-10,1.5e-05,0.025,0.6,3.23
0.01,0.1,1e-13,3e-05,0.045,0.4,245.86
0.04,0.0288,1e-08,3e-05,0.02,0.8,0.58
0.1,0.0024,1e-13,3e-05,0.035,0.8,938.2
0.04,0.1,1e-08,2e-05,0.035,0.5,0.38
0.07,0.0002,1e-08,1e-05,0.045,0.3,0.05
0.04,0.0002,1e-08,2.5e-05,0.035,0.7,0.05
0.1,0.00832,1e-10,3.5e-05,0.035,0.4,27.36
0.04,0.00832,1e-11,1.5e-05,0.03,0.3,17.26
0.04,0.0002,1e-12,1.5e-05,0.03,0.8,10.87
0.01,0.0024,1e-09,2e-05,0.045,0.6,0.1
0.01,0.000693,1e-08,1e-05,0.03,0.6,0.05
0.01,0.1,1e-08,2e-05,0.035,0.7,0.12
0.1,0.1,1e-09,2e-05,0.035,0.7,32.12
0.04,0.000693,1e-13,3.5e-05,0.02,0.8,412.87
0.04,0.1,1e-12,2.5e-05,0.04,0.7,4622.87
0.07,0.0288,1e-08,2.5e-05,0.035,0.3,0.22
0.07,0.00832,1e-12,3.5e-05,0.045,0.5,720.12
0.04,0.00832,1e-09,3.5e-05,0.035,0.8,0.82
0.01,0.0288,1e-12,1e-05,0.035,0.3,21.7
0.04,0.000693,1e-08,1.5e-05,0.02,0.4,0.1
0.04,0.0288,1e-12,2e-05,0.04,0.6,782.87
0.01,0.1,1e-08,3.5e-05,0.03,0.8,0.12
0.1,0.000693,1e-10,3e-05,0.035,0.3,1.51
0.1,0.000693,1e-09,1.5e-05,0.035,0.8,0.22
0.04,0.00832,1e-13,1.5e-05,0.03,0.3,582.87
0.1,0.00832,1e-10,3.5e-05,0.03,0.7,56.39
0.04,0.1,1e-08,3.5e-05,0.03,0.7,1.13
0.04,0.000693,1e-11,2.5e-05,0.035,0.4,2.58
0.1,0.0002,1e-11,3.5e-05,0.04,0.5,6.88
0.04,0.1,1e-10,3e-05,0.04,0.4,42.87
0.1,0.00832,1e-09,3.5e-05,0.025,0.6,5.4
0.01,0.0002,1e-13,1.5e-05,0.025,0.3,3.23
0.1,0.00832,1e-12,2e-05,0.025,0.7,1023.72
0.07,0.1,1e-11,1e-05,0.045,0.3,202.87
0.1,0.000693,1e-12,2e-05,0.03,0.4,72.87
0.07,0.000693,1e-13,1.5e-05,0.035,0.3,62.87
0.01,0.0024,1e-10,3.5e-05,0.035,0.5,0.12
0.04,0.1,1e-09,3e-05,0.025,0.4,6.88
0.07,0.000693,1e-13,2.5e-05,0.03,0.6,192.87
0.1,0.0002,1e-10,2.5e-05,0.04,0.8,0.82
0.1,0.0002,1e-12,2e-05,0.025,0.5,34.19
0.1,0.0288,1e-13,3e-05,0.035,0.5,6514.52
0.07,0.1,1e-12,3.5e-05,0.04,0.7,8354.03
0.1,0.000693,1e-10,1e-05,0.025,0.5,1.41
0.04,0.000693,1e-13,2.5e-05,0.03,0.5,132.87
0.04,0.0288,1e-11,1e-05,0.025,0.7,92.87
0.01,0.0002,1e-13,2.5e-05,0.02,0.3,6.78
0.01,0.0288,1e-11,1e-05,0.045,0.8,4.16
0.04,0.0024,1e-10,2e-05,0.03,0.7,1.41
0.1,0.0002,1e-12,1.5e-05,0.02,0.3,21.7
0.01,0.0002,1e-13,1e-05,0.025,0.7,4.16
0.04,0.00832,1e-12,2e-05,0.02,0.5,382.87
0.07,0.00832,1e-12,1e-05,0.045,0.7,292.97
